,citycode,data,datacode,dataname,year,cityname
0,110000,2102.6465,A050401,Total Investment in Residential Buildings in the Whole _Country,2014,Beijing
1,110000,2026.7532,A050401,Total Investment in Residential Buildings in the Whole _Country,2013,Beijing
2,110000,1872.9647,A050401,Total Investment in Residential Buildings in the Whole _Country,2012,Beijing
3,110000,1942.6368,A050401,Total Investment in Residential Buildings in the Whole _Country,2011,Beijing
4,110000,1662.2,A050401,Total Investment in Residential Buildings in the Whole _Country,2010,Beijing
5,110000,1034.6785,A050401,Total Investment in Residential Buildings in the Whole _Country,2009,Beijing
6,110000,1028.2178,A050401,Total Investment in Residential Buildings in the Whole _Country,2008,Beijing
7,110000,1091.3903,A050401,Total Investment in Residential Buildings in the Whole _Country,2007,Beijing
8,110000,951.3017,A050401,Total Investment in Residential Buildings in the Whole _Country,2006,Beijing
9,110000,877.8951,A050401,Total Investment in Residential Buildings in the Whole _Country,2005,Beijing
10,120000,1292.8878,A050401,Total Investment in Residential Buildings in the Whole _Country,2014,Tianjin
11,120000,1262.4704,A050401,Total Investment in Residential Buildings in the Whole _Country,2013,Tianjin
12,120000,1082.4134,A050401,Total Investment in Residential Buildings in the Whole _Country,2012,Tianjin
13,120000,910.7189,A050401,Total Investment in Residential Buildings in the Whole _Country,2011,Tianjin
14,120000,700.5,A050401,Total Investment in Residential Buildings in the Whole _Country,2010,Tianjin
15,120000,576.851,A050401,Total Investment in Residential Buildings in the Whole _Country,2009,Tianjin
16,120000,510.1959,A050401,Total Investment in Residential Buildings in the Whole _Country,2008,Tianjin
17,120000,373.5963,A050401,Total Investment in Residential Buildings in the Whole _Country,2007,Tianjin
18,120000,334.0949,A050401,Total Investment in Residential Buildings in the Whole _Country,2006,Tianjin
19,120000,272.9521,A050401,Total Investment in Residential Buildings in the Whole _Country,2005,Tianjin
20,130000,3648.8022,A050401,Total Investment in Residential Buildings in the Whole _Country,2014,Hebei
21,130000,3231.344,A050401,Total Investment in Residential Buildings in the Whole _Country,2013,Hebei
22,130000,3073.5817,A050401,Total Investment in Residential Buildings in the Whole _Country,2012,Hebei
23,130000,3141.4993,A050401,Total Investment in Residential Buildings in the Whole _Country,2011,Hebei
24,130000,2614.8,A050401,Total Investment in Residential Buildings in the Whole _Country,2010,Hebei
25,130000,1800.5682,A050401,Total Investment in Residential Buildings in the Whole _Country,2009,Hebei
26,130000,1359.6826,A050401,Total Investment in Residential Buildings in the Whole _Country,2008,Hebei
27,130000,998.9836,A050401,Total Investment in Residential Buildings in the Whole _Country,2007,Hebei
28,130000,781.1656,A050401,Total Investment in Residential Buildings in the Whole _Country,2006,Hebei
29,130000,607.581,A050401,Total Investment in Residential Buildings in the Whole _Country,2005,Hebei
30,140000,2004.5373,A050401,Total Investment in Residential Buildings in the Whole _Country,2014,Shanxi
31,140000,1688.956,A050401,Total Investment in Residential Buildings in the Whole _Country,2013,Shanxi
32,140000,1467.0489,A050401,Total Investment in Residential Buildings in the Whole _Country,2012,Shanxi
33,140000,1187.7169,A050401,Total Investment in Residential Buildings in the Whole _Country,2011,Shanxi
34,140000,900.3,A050401,Total Investment in Residential Buildings in the Whole _Country,2010,Shanxi
35,140000,760.082,A050401,Total Investment in Residential Buildings in the Whole _Country,2009,Shanxi
36,140000,564.2597,A050401,Total Investment in Residential Buildings in the Whole _Country,2008,Shanxi
37,140000,461.9967,A050401,Total Investment in Residential Buildings in the Whole _Country,2007,Shanxi
38,140000,350.3467,A050401,Total Investment in Residential Buildings in the Whole _Country,2006,Shanxi
39,140000,211.6535,A050401,Total Investment in Residential Buildings in the Whole _Country,2005,Shanxi
40,150000,1250.5041,A050401,Total Investment in Residential Buildings in the Whole _Country,2014,Inner Mongolia
41,150000,1289.7793,A050401,Total Investment in Residential Buildings in the Whole _Country,2013,Inner Mongolia
42,150000,1148.623,A050401,Total Investment in Residential Buildings in the Whole _Country,2012,Inner Mongolia
43,150000,1312.8229,A050401,Total Investment in Residential Buildings in the Whole _Country,2011,Inner Mongolia
44,150000,961.8,A050401,Total Investment in Residential Buildings in the Whole _Country,2010,Inner Mongolia
45,150000,732.0396,A050401,Total Investment in Residential Buildings in the Whole _Country,2009,Inner Mongolia
46,150000,744.4724,A050401,Total Investment in Residential Buildings in the Whole _Country,2008,Inner Mongolia
47,150000,523.8489,A050401,Total Investment in Residential Buildings in the Whole _Country,2007,Inner Mongolia
48,150000,374.1324,A050401,Total Investment in Residential Buildings in the Whole _Country,2006,Inner Mongolia
49,150000,198.2475,A050401,Total Investment in Residential Buildings in the Whole _Country,2005,Inner Mongolia
50,210000,4077.1956,A050401,Total Investment in Residential Buildings in the Whole _Country,2014,Liaoning
51,210000,4875.2237,A050401,Total Investment in Residential Buildings in the Whole _Country,2013,Liaoning
52,210000,4201.1179,A050401,Total Investment in Residential Buildings in the Whole _Country,2012,Liaoning
53,210000,3691.5986,A050401,Total Investment in Residential Buildings in the Whole _Country,2011,Liaoning
54,210000,2724.1,A050401,Total Investment in Residential Buildings in the Whole _Country,2010,Liaoning
55,210000,2128.3895,A050401,Total Investment in Residential Buildings in the Whole _Country,2009,Liaoning
56,210000,1765.1775,A050401,Total Investment in Residential Buildings in the Whole _Country,2008,Liaoning
57,210000,1380.5296,A050401,Total Investment in Residential Buildings in the Whole _Country,2007,Liaoning
58,210000,1041.8612,A050401,Total Investment in Residential Buildings in the Whole _Country,2006,Liaoning
59,210000,753.5723,A050401,Total Investment in Residential Buildings in the Whole _Country,2005,Liaoning
60,220000,841.4182,A050401,Total Investment in Residential Buildings in the Whole _Country,2014,Jilin
61,220000,1053.5255,A050401,Total Investment in Residential Buildings in the Whole _Country,2013,Jilin
62,220000,1109.718,A050401,Total Investment in Residential Buildings in the Whole _Country,2012,Jilin
63,220000,1059.3185,A050401,Total Investment in Residential Buildings in the Whole _Country,2011,Jilin
64,220000,872.0,A050401,Total Investment in Residential Buildings in the Whole _Country,2010,Jilin
65,220000,786.7925,A050401,Total Investment in Residential Buildings in the Whole _Country,2009,Jilin
66,220000,633.3653,A050401,Total Investment in Residential Buildings in the Whole _Country,2008,Jilin
67,220000,521.7448,A050401,Total Investment in Residential Buildings in the Whole _Country,2007,Jilin
68,220000,349.1962,A050401,Total Investment in Residential Buildings in the Whole _Country,2006,Jilin
69,220000,211.271,A050401,Total Investment in Residential Buildings in the Whole _Country,2005,Jilin
70,230000,1118.6717,A050401,Total Investment in Residential Buildings in the Whole _Country,2014,Heilongjiang
71,230000,1419.8476,A050401,Total Investment in Residential Buildings in the Whole _Country,2013,Heilongjiang
72,230000,1480.705,A050401,Total Investment in Residential Buildings in the Whole _Country,2012,Heilongjiang
73,230000,1378.1588,A050401,Total Investment in Residential Buildings in the Whole _Country,2011,Heilongjiang
74,230000,1066.2,A050401,Total Investment in Residential Buildings in the Whole _Country,2010,Heilongjiang
75,230000,810.2464,A050401,Total Investment in Residential Buildings in the Whole _Country,2009,Heilongjiang
76,230000,565.4112,A050401,Total Investment in Residential Buildings in the Whole _Country,2008,Heilongjiang
77,230000,468.1402,A050401,Total Investment in Residential Buildings in the Whole _Country,2007,Heilongjiang
78,230000,379.8219,A050401,Total Investment in Residential Buildings in the Whole _Country,2006,Heilongjiang
79,230000,262.4471,A050401,Total Investment in Residential Buildings in the Whole _Country,2005,Heilongjiang
80,310000,1730.8079,A050401,Total Investment in Residential Buildings in the Whole _Country,2014,Shanghai
81,310000,1626.9469,A050401,Total Investment in Residential Buildings in the Whole _Country,2013,Shanghai
82,310000,1457.6399,A050401,Total Investment in Residential Buildings in the Whole _Country,2012,Shanghai
83,310000,1469.2274,A050401,Total Investment in Residential Buildings in the Whole _Country,2011,Shanghai
84,310000,1233.0,A050401,Total Investment in Residential Buildings in the Whole _Country,2010,Shanghai
85,310000,922.8077,A050401,Total Investment in Residential Buildings in the Whole _Country,2009,Shanghai
86,310000,903.3463,A050401,Total Investment in Residential Buildings in the Whole _Country,2008,Shanghai
87,310000,853.1341,A050401,Total Investment in Residential Buildings in the Whole _Country,2007,Shanghai
88,310000,854.1516,A050401,Total Investment in Residential Buildings in the Whole _Country,2006,Shanghai
89,310000,940.8054,A050401,Total Investment in Residential Buildings in the Whole _Country,2005,Shanghai
90,320000,6632.9509,A050401,Total Investment in Residential Buildings in the Whole _Country,2014,Jiangsu
91,320000,5990.3299,A050401,Total Investment in Residential Buildings in the Whole _Country,2013,Jiangsu
92,320000,5051.226,A050401,Total Investment in Residential Buildings in the Whole _Country,2012,Jiangsu
93,320000,4687.5843,A050401,Total Investment in Residential Buildings in the Whole _Country,2011,Jiangsu
94,320000,3665.2,A050401,Total Investment in Residential Buildings in the Whole _Country,2010,Jiangsu
95,320000,2856.2859,A050401,Total Investment in Residential Buildings in the Whole _Country,2009,Jiangsu
96,320000,2756.2381,A050401,Total Investment in Residential Buildings in the Whole _Country,2008,Jiangsu
97,320000,2168.2388,A050401,Total Investment in Residential Buildings in the Whole _Country,2007,Jiangsu
98,320000,1697.624,A050401,Total Investment in Residential Buildings in the Whole _Country,2006,Jiangsu
99,320000,1386.5328,A050401,Total Investment in Residential Buildings in the Whole _Country,2005,Jiangsu
100,330000,5782.4379,A050401,Total Investment in Residential Buildings in the Whole _Country,2014,Zhejiang
101,330000,5039.9379,A050401,Total Investment in Residential Buildings in the Whole _Country,2013,Zhejiang
102,330000,4318.4956,A050401,Total Investment in Residential Buildings in the Whole _Country,2012,Zhejiang
103,330000,3510.5809,A050401,Total Investment in Residential Buildings in the Whole _Country,2011,Zhejiang
104,330000,2785.5,A050401,Total Investment in Residential Buildings in the Whole _Country,2010,Zhejiang
105,330000,2154.2538,A050401,Total Investment in Residential Buildings in the Whole _Country,2009,Zhejiang
106,330000,1883.6288,A050401,Total Investment in Residential Buildings in the Whole _Country,2008,Zhejiang
107,330000,1685.0722,A050401,Total Investment in Residential Buildings in the Whole _Country,2007,Zhejiang
108,330000,1458.6295,A050401,Total Investment in Residential Buildings in the Whole _Country,2006,Zhejiang
109,330000,1377.2509,A050401,Total Investment in Residential Buildings in the Whole _Country,2005,Zhejiang
110,340000,3636.2898,A050401,Total Investment in Residential Buildings in the Whole _Country,2014,Anhui
111,340000,3284.3892,A050401,Total Investment in Residential Buildings in the Whole _Country,2013,Anhui
112,340000,2738.0055,A050401,Total Investment in Residential Buildings in the Whole _Country,2012,Anhui
113,340000,2478.5707,A050401,Total Investment in Residential Buildings in the Whole _Country,2011,Anhui
114,340000,2248.7,A050401,Total Investment in Residential Buildings in the Whole _Country,2010,Anhui
115,340000,1746.7245,A050401,Total Investment in Residential Buildings in the Whole _Country,2009,Anhui
116,340000,1429.8768,A050401,Total Investment in Residential Buildings in the Whole _Country,2008,Anhui
117,340000,988.9958,A050401,Total Investment in Residential Buildings in the Whole _Country,2007,Anhui
118,340000,748.0653,A050401,Total Investment in Residential Buildings in the Whole _Country,2006,Anhui
119,340000,554.5796,A050401,Total Investment in Residential Buildings in the Whole _Country,2005,Anhui
120,350000,3277.3692,A050401,Total Investment in Residential Buildings in the Whole _Country,2014,Fujian
121,350000,2814.2493,A050401,Total Investment in Residential Buildings in the Whole _Country,2013,Fujian
122,350000,2135.3841,A050401,Total Investment in Residential Buildings in the Whole _Country,2012,Fujian
123,350000,1924.751,A050401,Total Investment in Residential Buildings in the Whole _Country,2011,Fujian
124,350000,1254.1,A050401,Total Investment in Residential Buildings in the Whole _Country,2010,Fujian
125,350000,1008.4843,A050401,Total Investment in Residential Buildings in the Whole _Country,2009,Fujian
126,350000,903.5276,A050401,Total Investment in Residential Buildings in the Whole _Country,2008,Fujian
127,350000,861.9672,A050401,Total Investment in Residential Buildings in the Whole _Country,2007,Fujian
128,350000,611.559,A050401,Total Investment in Residential Buildings in the Whole _Country,2006,Fujian
129,350000,437.9168,A050401,Total Investment in Residential Buildings in the Whole _Country,2005,Fujian
130,360000,1704.9514,A050401,Total Investment in Residential Buildings in the Whole _Country,2014,Jiangxi
131,360000,1471.0634,A050401,Total Investment in Residential Buildings in the Whole _Country,2013,Jiangxi
132,360000,1232.9522,A050401,Total Investment in Residential Buildings in the Whole _Country,2012,Jiangxi
133,360000,1030.8997,A050401,Total Investment in Residential Buildings in the Whole _Country,2011,Jiangxi
134,360000,876.7,A050401,Total Investment in Residential Buildings in the Whole _Country,2010,Jiangxi
135,360000,789.7548,A050401,Total Investment in Residential Buildings in the Whole _Country,2009,Jiangxi
136,360000,670.1626,A050401,Total Investment in Residential Buildings in the Whole _Country,2008,Jiangxi
137,360000,535.1476,A050401,Total Investment in Residential Buildings in the Whole _Country,2007,Jiangxi
138,360000,402.7199,A050401,Total Investment in Residential Buildings in the Whole _Country,2006,Jiangxi
139,360000,297.0842,A050401,Total Investment in Residential Buildings in the Whole _Country,2005,Jiangxi
140,370000,5396.5306,A050401,Total Investment in Residential Buildings in the Whole _Country,2014,Shandong
141,370000,5242.328,A050401,Total Investment in Residential Buildings in the Whole _Country,2013,Shandong
142,370000,4815.2704,A050401,Total Investment in Residential Buildings in the Whole _Country,2012,Shandong
143,370000,4480.9941,A050401,Total Investment in Residential Buildings in the Whole _Country,2011,Shandong
144,370000,3706.9,A050401,Total Investment in Residential Buildings in the Whole _Country,2010,Shandong
145,370000,2915.202,A050401,Total Investment in Residential Buildings in the Whole _Country,2009,Shandong
146,370000,2540.8699,A050401,Total Investment in Residential Buildings in the Whole _Country,2008,Shandong
147,370000,1978.4271,A050401,Total Investment in Residential Buildings in the Whole _Country,2007,Shandong
148,370000,1557.5422,A050401,Total Investment in Residential Buildings in the Whole _Country,2006,Shandong
149,370000,1276.1235,A050401,Total Investment in Residential Buildings in the Whole _Country,2005,Shandong
150,410000,4309.7883,A050401,Total Investment in Residential Buildings in the Whole _Country,2014,Henan
151,410000,3975.678,A050401,Total Investment in Residential Buildings in the Whole _Country,2013,Henan
152,410000,3332.2972,A050401,Total Investment in Residential Buildings in the Whole _Country,2012,Henan
153,410000,3033.4106,A050401,Total Investment in Residential Buildings in the Whole _Country,2011,Henan
154,410000,2721.5,A050401,Total Investment in Residential Buildings in the Whole _Country,2010,Henan
155,410000,2300.381,A050401,Total Investment in Residential Buildings in the Whole _Country,2009,Henan
156,410000,1924.9583,A050401,Total Investment in Residential Buildings in the Whole _Country,2008,Henan
157,410000,1445.2895,A050401,Total Investment in Residential Buildings in the Whole _Country,2007,Henan
158,410000,1019.4036,A050401,Total Investment in Residential Buildings in the Whole _Country,2006,Henan
159,410000,713.6222,A050401,Total Investment in Residential Buildings in the Whole _Country,2005,Henan
160,420000,3371.8885,A050401,Total Investment in Residential Buildings in the Whole _Country,2014,Hubei
161,420000,2833.1161,A050401,Total Investment in Residential Buildings in the Whole _Country,2013,Hubei
162,420000,2213.2947,A050401,Total Investment in Residential Buildings in the Whole _Country,2012,Hubei
163,420000,1816.8072,A050401,Total Investment in Residential Buildings in the Whole _Country,2011,Hubei
164,420000,1400.1,A050401,Total Investment in Residential Buildings in the Whole _Country,2010,Hubei
165,420000,1159.4852,A050401,Total Investment in Residential Buildings in the Whole _Country,2009,Hubei
166,420000,932.0206,A050401,Total Investment in Residential Buildings in the Whole _Country,2008,Hubei
167,420000,717.1605,A050401,Total Investment in Residential Buildings in the Whole _Country,2007,Hubei
168,420000,564.4851,A050401,Total Investment in Residential Buildings in the Whole _Country,2006,Hubei
169,420000,441.5831,A050401,Total Investment in Residential Buildings in the Whole _Country,2005,Hubei
170,430000,2726.5515,A050401,Total Investment in Residential Buildings in the Whole _Country,2014,Hunan
171,430000,2486.3197,A050401,Total Investment in Residential Buildings in the Whole _Country,2013,Hunan
172,430000,2194.1785,A050401,Total Investment in Residential Buildings in the Whole _Country,2012,Hunan
173,430000,1978.2288,A050401,Total Investment in Residential Buildings in the Whole _Country,2011,Hunan
174,430000,1505.9,A050401,Total Investment in Residential Buildings in the Whole _Country,2010,Hunan
175,430000,1163.4156,A050401,Total Investment in Residential Buildings in the Whole _Country,2009,Hunan
176,430000,957.4766,A050401,Total Investment in Residential Buildings in the Whole _Country,2008,Hunan
177,430000,800.0777,A050401,Total Investment in Residential Buildings in the Whole _Country,2007,Hunan
178,430000,579.4791,A050401,Total Investment in Residential Buildings in the Whole _Country,2006,Hunan
179,430000,504.7532,A050401,Total Investment in Residential Buildings in the Whole _Country,2005,Hunan
180,440000,5907.4727,A050401,Total Investment in Residential Buildings in the Whole _Country,2014,Guangdong
181,440000,5210.5934,A050401,Total Investment in Residential Buildings in the Whole _Country,2013,Guangdong
182,440000,4344.4852,A050401,Total Investment in Residential Buildings in the Whole _Country,2012,Guangdong
183,440000,4021.0906,A050401,Total Investment in Residential Buildings in the Whole _Country,2011,Guangdong
184,440000,3161.7,A050401,Total Investment in Residential Buildings in the Whole _Country,2010,Guangdong
185,440000,2631.0244,A050401,Total Investment in Residential Buildings in the Whole _Country,2009,Guangdong
186,440000,2630.5049,A050401,Total Investment in Residential Buildings in the Whole _Country,2008,Guangdong
187,440000,2246.6228,A050401,Total Investment in Residential Buildings in the Whole _Country,2007,Guangdong
188,440000,1649.7908,A050401,Total Investment in Residential Buildings in the Whole _Country,2006,Guangdong
189,440000,1283.5259,A050401,Total Investment in Residential Buildings in the Whole _Country,2005,Guangdong
190,450000,1786.1116,A050401,Total Investment in Residential Buildings in the Whole _Country,2014,Guangxi
191,450000,1617.1929,A050401,Total Investment in Residential Buildings in the Whole _Country,2013,Guangxi
192,450000,1503.773,A050401,Total Investment in Residential Buildings in the Whole _Country,2012,Guangxi
193,450000,1455.8752,A050401,Total Investment in Residential Buildings in the Whole _Country,2011,Guangxi
194,450000,1218.6,A050401,Total Investment in Residential Buildings in the Whole _Country,2010,Guangxi
195,450000,914.6794,A050401,Total Investment in Residential Buildings in the Whole _Country,2009,Guangxi
196,450000,666.3328,A050401,Total Investment in Residential Buildings in the Whole _Country,2008,Guangxi
197,450000,556.2505,A050401,Total Investment in Residential Buildings in the Whole _Country,2007,Guangxi
198,450000,397.8786,A050401,Total Investment in Residential Buildings in the Whole _Country,2006,Guangxi
199,450000,341.6021,A050401,Total Investment in Residential Buildings in the Whole _Country,2005,Guangxi
200,460000,1242.964,A050401,Total Investment in Residential Buildings in the Whole _Country,2014,Hainan
201,460000,1082.855,A050401,Total Investment in Residential Buildings in the Whole _Country,2013,Hainan
202,460000,860.0469,A050401,Total Investment in Residential Buildings in the Whole _Country,2012,Hainan
203,460000,687.9573,A050401,Total Investment in Residential Buildings in the Whole _Country,2011,Hainan
204,460000,495.3,A050401,Total Investment in Residential Buildings in the Whole _Country,2010,Hainan
205,460000,329.7403,A050401,Total Investment in Residential Buildings in the Whole _Country,2009,Hainan
206,460000,207.2485,A050401,Total Investment in Residential Buildings in the Whole _Country,2008,Hainan
207,460000,130.1993,A050401,Total Investment in Residential Buildings in the Whole _Country,2007,Hainan
208,460000,84.7662,A050401,Total Investment in Residential Buildings in the Whole _Country,2006,Hainan
209,460000,78.6496,A050401,Total Investment in Residential Buildings in the Whole _Country,2005,Hainan
210,500000,2717.6801,A050401,Total Investment in Residential Buildings in the Whole _Country,2014,Chongqing
211,500000,2374.3619,A050401,Total Investment in Residential Buildings in the Whole _Country,2013,Chongqing
212,500000,1946.85,A050401,Total Investment in Residential Buildings in the Whole _Country,2012,Chongqing
213,500000,1676.8553,A050401,Total Investment in Residential Buildings in the Whole _Country,2011,Chongqing
214,500000,1325.9,A050401,Total Investment in Residential Buildings in the Whole _Country,2010,Chongqing
215,500000,986.0387,A050401,Total Investment in Residential Buildings in the Whole _Country,2009,Chongqing
216,500000,753.8458,A050401,Total Investment in Residential Buildings in the Whole _Country,2008,Chongqing
217,500000,655.6788,A050401,Total Investment in Residential Buildings in the Whole _Country,2007,Chongqing
218,500000,503.3054,A050401,Total Investment in Residential Buildings in the Whole _Country,2006,Chongqing
219,500000,408.5426,A050401,Total Investment in Residential Buildings in the Whole _Country,2005,Chongqing
220,510000,4087.5569,A050401,Total Investment in Residential Buildings in the Whole _Country,2014,Sichuan
221,510000,3551.5943,A050401,Total Investment in Residential Buildings in the Whole _Country,2013,Sichuan
222,510000,3046.3103,A050401,Total Investment in Residential Buildings in the Whole _Country,2012,Sichuan
223,510000,2846.2802,A050401,Total Investment in Residential Buildings in the Whole _Country,2011,Sichuan
224,510000,2354.1,A050401,Total Investment in Residential Buildings in the Whole _Country,2010,Sichuan
225,510000,2373.6832,A050401,Total Investment in Residential Buildings in the Whole _Country,2009,Sichuan
226,510000,1492.4926,A050401,Total Investment in Residential Buildings in the Whole _Country,2008,Sichuan
227,510000,1306.8059,A050401,Total Investment in Residential Buildings in the Whole _Country,2007,Sichuan
228,510000,992.6909,A050401,Total Investment in Residential Buildings in the Whole _Country,2006,Sichuan
229,510000,697.6281,A050401,Total Investment in Residential Buildings in the Whole _Country,2005,Sichuan
230,520000,1605.5005,A050401,Total Investment in Residential Buildings in the Whole _Country,2014,Guizhou
231,520000,1549.2215,A050401,Total Investment in Residential Buildings in the Whole _Country,2013,Guizhou
232,520000,1164.9408,A050401,Total Investment in Residential Buildings in the Whole _Country,2012,Guizhou
233,520000,803.4668,A050401,Total Investment in Residential Buildings in the Whole _Country,2011,Guizhou
234,520000,530.4,A050401,Total Investment in Residential Buildings in the Whole _Country,2010,Guizhou
235,520000,423.8563,A050401,Total Investment in Residential Buildings in the Whole _Country,2009,Guizhou
236,520000,311.667,A050401,Total Investment in Residential Buildings in the Whole _Country,2008,Guizhou
237,520000,245.4852,A050401,Total Investment in Residential Buildings in the Whole _Country,2007,Guizhou
238,520000,177.3595,A050401,Total Investment in Residential Buildings in the Whole _Country,2006,Guizhou
239,520000,142.3958,A050401,Total Investment in Residential Buildings in the Whole _Country,2005,Guizhou
240,530000,2524.9302,A050401,Total Investment in Residential Buildings in the Whole _Country,2014,Yunnan
241,530000,2244.3976,A050401,Total Investment in Residential Buildings in the Whole _Country,2013,Yunnan
242,530000,1606.6507,A050401,Total Investment in Residential Buildings in the Whole _Country,2012,Yunnan
243,530000,1199.9584,A050401,Total Investment in Residential Buildings in the Whole _Country,2011,Yunnan
244,530000,920.5,A050401,Total Investment in Residential Buildings in the Whole _Country,2010,Yunnan
245,530000,819.8839,A050401,Total Investment in Residential Buildings in the Whole _Country,2009,Yunnan
246,530000,637.9789,A050401,Total Investment in Residential Buildings in the Whole _Country,2008,Yunnan
247,530000,519.9418,A050401,Total Investment in Residential Buildings in the Whole _Country,2007,Yunnan
248,530000,394.9211,A050401,Total Investment in Residential Buildings in the Whole _Country,2006,Yunnan
249,530000,322.5582,A050401,Total Investment in Residential Buildings in the Whole _Country,2005,Yunnan
250,540000,61.5559,A050401,Total Investment in Residential Buildings in the Whole _Country,2014,Tibet
251,540000,28.1026,A050401,Total Investment in Residential Buildings in the Whole _Country,2013,Tibet
252,540000,39.0415,A050401,Total Investment in Residential Buildings in the Whole _Country,2012,Tibet
253,540000,28.1246,A050401,Total Investment in Residential Buildings in the Whole _Country,2011,Tibet
254,540000,42.1,A050401,Total Investment in Residential Buildings in the Whole _Country,2010,Tibet
255,540000,52.454,A050401,Total Investment in Residential Buildings in the Whole _Country,2009,Tibet
256,540000,63.6277,A050401,Total Investment in Residential Buildings in the Whole _Country,2008,Tibet
257,540000,66.4863,A050401,Total Investment in Residential Buildings in the Whole _Country,2007,Tibet
258,540000,52.061,A050401,Total Investment in Residential Buildings in the Whole _Country,2006,Tibet
259,540000,19.4904,A050401,Total Investment in Residential Buildings in the Whole _Country,2005,Tibet
260,610000,2777.0196,A050401,Total Investment in Residential Buildings in the Whole _Country,2014,Shaanxi
261,610000,2627.6684,A050401,Total Investment in Residential Buildings in the Whole _Country,2013,Shaanxi
262,610000,2362.3404,A050401,Total Investment in Residential Buildings in the Whole _Country,2012,Shaanxi
263,610000,1902.8781,A050401,Total Investment in Residential Buildings in the Whole _Country,2011,Shaanxi
264,610000,1486.6,A050401,Total Investment in Residential Buildings in the Whole _Country,2010,Shaanxi
265,610000,1208.2665,A050401,Total Investment in Residential Buildings in the Whole _Country,2009,Shaanxi
266,610000,1035.8174,A050401,Total Investment in Residential Buildings in the Whole _Country,2008,Shaanxi
267,610000,788.6337,A050401,Total Investment in Residential Buildings in the Whole _Country,2007,Shaanxi
268,610000,531.0098,A050401,Total Investment in Residential Buildings in the Whole _Country,2006,Shaanxi
269,610000,369.5851,A050401,Total Investment in Residential Buildings in the Whole _Country,2005,Shaanxi
270,620000,770.0593,A050401,Total Investment in Residential Buildings in the Whole _Country,2014,Gansu
271,620000,858.1355,A050401,Total Investment in Residential Buildings in the Whole _Country,2013,Gansu
272,620000,751.3316,A050401,Total Investment in Residential Buildings in the Whole _Country,2012,Gansu
273,620000,622.9436,A050401,Total Investment in Residential Buildings in the Whole _Country,2011,Gansu
274,620000,486.5,A050401,Total Investment in Residential Buildings in the Whole _Country,2010,Gansu
275,620000,402.6584,A050401,Total Investment in Residential Buildings in the Whole _Country,2009,Gansu
276,620000,435.0512,A050401,Total Investment in Residential Buildings in the Whole _Country,2008,Gansu
277,620000,179.836,A050401,Total Investment in Residential Buildings in the Whole _Country,2007,Gansu
278,620000,140.4182,A050401,Total Investment in Residential Buildings in the Whole _Country,2006,Gansu
279,620000,140.0094,A050401,Total Investment in Residential Buildings in the Whole _Country,2005,Gansu
280,630000,331.0324,A050401,Total Investment in Residential Buildings in the Whole _Country,2014,Qinghai
281,630000,295.7297,A050401,Total Investment in Residential Buildings in the Whole _Country,2013,Qinghai
282,630000,316.3069,A050401,Total Investment in Residential Buildings in the Whole _Country,2012,Qinghai
283,630000,306.3711,A050401,Total Investment in Residential Buildings in the Whole _Country,2011,Qinghai
284,630000,177.9,A050401,Total Investment in Residential Buildings in the Whole _Country,2010,Qinghai
285,630000,100.2678,A050401,Total Investment in Residential Buildings in the Whole _Country,2009,Qinghai
286,630000,65.3222,A050401,Total Investment in Residential Buildings in the Whole _Country,2008,Qinghai
287,630000,50.3319,A050401,Total Investment in Residential Buildings in the Whole _Country,2007,Qinghai
288,630000,40.583,A050401,Total Investment in Residential Buildings in the Whole _Country,2006,Qinghai
289,630000,27.8488,A050401,Total Investment in Residential Buildings in the Whole _Country,2005,Qinghai
290,640000,526.7259,A050401,Total Investment in Residential Buildings in the Whole _Country,2014,Ningxia
291,640000,461.4424,A050401,Total Investment in Residential Buildings in the Whole _Country,2013,Ningxia
292,640000,360.759,A050401,Total Investment in Residential Buildings in the Whole _Country,2012,Ningxia
293,640000,305.2217,A050401,Total Investment in Residential Buildings in the Whole _Country,2011,Ningxia
294,640000,238.8,A050401,Total Investment in Residential Buildings in the Whole _Country,2010,Ningxia
295,640000,162.2594,A050401,Total Investment in Residential Buildings in the Whole _Country,2009,Ningxia
296,640000,127.3016,A050401,Total Investment in Residential Buildings in the Whole _Country,2008,Ningxia
297,640000,90.7829,A050401,Total Investment in Residential Buildings in the Whole _Country,2007,Ningxia
298,640000,78.1469,A050401,Total Investment in Residential Buildings in the Whole _Country,2006,Ningxia
299,640000,63.6306,A050401,Total Investment in Residential Buildings in the Whole _Country,2005,Ningxia
300,650000,1368.8748,A050401,Total Investment in Residential Buildings in the Whole _Country,2014,Xinjiang
301,650000,1354.5412,A050401,Total Investment in Residential Buildings in the Whole _Country,2013,Xinjiang
302,650000,1130.9164,A050401,Total Investment in Residential Buildings in the Whole _Country,2012,Xinjiang
303,650000,886.9194,A050401,Total Investment in Residential Buildings in the Whole _Country,2011,Xinjiang
304,650000,561.3,A050401,Total Investment in Residential Buildings in the Whole _Country,2010,Xinjiang
305,650000,376.8043,A050401,Total Investment in Residential Buildings in the Whole _Country,2009,Xinjiang
306,650000,349.5687,A050401,Total Investment in Residential Buildings in the Whole _Country,2008,Xinjiang
307,650000,285.1187,A050401,Total Investment in Residential Buildings in the Whole _Country,2007,Xinjiang
308,650000,234.4037,A050401,Total Investment in Residential Buildings in the Whole _Country,2006,Xinjiang
309,650000,166.2802,A050401,Total Investment in Residential Buildings in the Whole _Country,2005,Xinjiang
